scorer,DeepCut_resnet50_ReachingAug30shuffle1_300,DeepCut_resnet50_ReachingAug30shuffle1_300,DeepCut_resnet50_ReachingAug30shuffle1_300,DeepCut_resnet50_ReachingAug30shuffle1_300,DeepCut_resnet50_ReachingAug30shuffle1_300,DeepCut_resnet50_ReachingAug30shuffle1_300,DeepCut_resnet50_ReachingAug30shuffle1_300,DeepCut_resnet50_ReachingAug30shuffle1_300,DeepCut_resnet50_ReachingAug30shuffle1_300,DeepCut_resnet50_ReachingAug30shuffle1_300,DeepCut_resnet50_ReachingAug30shuffle1_300,DeepCut_resnet50_ReachingAug30shuffle1_300,DeepCut_resnet50_ReachingAug30shuffle1_300,DeepCut_resnet50_ReachingAug30shuffle1_300,DeepCut_resnet50_ReachingAug30shuffle1_300
bodyparts,Hand,Hand,Hand,Finger1,Finger1,Finger1,Tongue,Tongue,Tongue,Joystick1,Joystick1,Joystick1,Joystick2,Joystick2,Joystick2
coords,x,y,likelihood,x,y,likelihood,x,y,likelihood,x,y,likelihood,x,y,likelihood
0,366.8534035682678,448.39644050598145,0.16908910870552063,363.4352821111679,453.843927025795,0.1703128218650818,377.0030589103699,458.08802115917206,0.08078745007514954,357.0332236289978,462.90266275405884,0.3327954411506653,361.21228408813477,663.858051776886,0.16285434365272522
1,370.23838114738464,454.5519037246704,0.16634440422058105,361.49981927871704,460.91859555244446,0.1975458264350891,378.32879877090454,458.7147283554077,0.09804916381835938,358.10451102256775,462.49293994903564,0.37386399507522583,360.0819878578186,639.4287486076355,0.18059247732162476
2,370.40580129623413,454.95622849464417,0.1573035717010498,361.8296000957489,460.82388335466385,0.19627854228019714,378.20217847824097,458.16101908683777,0.09447604417800903,356.6044701933861,462.0961136817932,0.32719582319259644,359.5999402999878,654.8397798538208,0.1830526888370514
3,368.0364398956299,446.9568119049072,0.16378775238990784,361.4954311847687,460.8768552541733,0.19767069816589355,377.9265546798706,458.46744322776794,0.09636157751083374,357.4118206501007,462.7009119987488,0.3525890111923218,359.6578371524811,655.4836342334747,0.17543458938598633
4,370.0355232954025,454.69173431396484,0.17040759325027466,361.60080575942993,460.97055941820145,0.20739740133285522,378.4148554801941,458.54374182224274,0.09757104516029358,357.1834969520569,462.61230278015137,0.35562586784362793,360.3921480178833,655.209534406662,0.18065205216407776
5,362.219264626503,445.2463983297348,0.1774677336215973,362.8498946428299,454.26132798194885,0.21405968070030212,378.377001285553,458.5271098613739,0.0937337577342987,357.7879217863083,462.68152236938477,0.3655323386192322,359.34882831573486,655.5404462814331,0.17584508657455444
6,370.3690823316574,454.509893655777,0.1632545292377472,361.4855601787567,460.80531764030457,0.19044485688209534,378.23877716064453,458.35594940185547,0.09454992413520813,357.5744695663452,462.4089012145996,0.339974969625473,359.91892099380493,655.1789615154266,0.1918734610080719
7,370.8727596998215,455.0849540233612,0.15602415800094604,361.4811599254608,460.8225350379944,0.1947854459285736,378.15108013153076,458.0649837255478,0.09215050935745239,357.0251762866974,462.8050146102905,0.3676164150238037,360.0939302444458,654.9121134281158,0.1873500645160675
8,367.9222502708435,447.51799726486206,0.15850046277046204,361.65308570861816,460.80169332027435,0.18269303441047668,378.5856304168701,457.81654024124146,0.0887378454208374,356.62074172496796,462.4575443267822,0.3460542559623718,360.41387462615967,654.8481335639954,0.18623292446136475
9,367.9524655342102,447.01342725753784,0.16510167717933655,361.4603786468506,460.6794948577881,0.19992509484291077,378.86129665374756,458.0432229042053,0.08989858627319336,357.5633063316345,462.48150873184204,0.36273080110549927,362.4097580909729,648.8390464782715,0.18752548098564148
10,367.82950830459595,447.06245827674866,0.1570819616317749,361.6624710559845,460.9806805253029,0.2002972960472107,363.05297434329987,459.42301082611084,0.09265735745429993,357.4497045278549,463.1709179878235,0.3550013303756714,359.5664966106415,655.5587508678436,0.18012899160385132
11,368.08747458457947,446.9351317882538,0.15571272373199463,361.6636219024658,460.70122265815735,0.19718104600906372,362.8043005466461,459.59480279684067,0.08815181255340576,357.04474008083344,462.6567358970642,0.3593466579914093,359.82037258148193,654.8334450721741,0.1897837221622467
12,368.1916482448578,446.862756729126,0.15810030698776245,361.5784001350403,460.6955015659332,0.19699311256408691,362.98741710186005,459.62466990947723,0.08814138174057007,357.3734110593796,462.56409549713135,0.35365909337997437,359.6515703201294,655.354195356369,0.18817797303199768
13,368.2043583393097,446.9382643699646,0.15166711807250977,361.64288783073425,460.73246759176254,0.19691872596740723,378.3953928947449,457.74485874176025,0.09038573503494263,356.80049872398376,462.6641058921814,0.34392887353897095,359.6755108833313,654.8983037471771,0.19350746273994446
14,368.0854127407074,447.092205286026,0.1690743863582611,361.527713060379,460.96026045084,0.20528998970985413,378.5469317436218,458.47247636318207,0.09709811210632324,357.9812024831772,462.744665145874,0.3715599775314331,359.410706281662,655.0057952404022,0.18874594569206238
15,367.82825565338135,447.02472376823425,0.15891596674919128,361.6685492992401,460.8642547130585,0.1948738694190979,363.3118969798088,459.46925514936447,0.08816197514533997,357.37049663066864,462.8618903160095,0.34827250242233276,362.0548667907715,648.1989827156067,0.182774156332016
16,363.2976534962654,453.37667429447174,0.15531006455421448,361.74508333206177,460.82516384124756,0.19820275902748108,378.10172033309937,458.37765431404114,0.09687843918800354,357.51458966732025,462.652690410614,0.36929112672805786,360.38715839385986,655.3244154453278,0.1803552508354187
17,369.0782527923584,458.69553542137146,0.16175982356071472,361.75881934165955,460.7363513112068,0.196835458278656,378.15153789520264,458.1112151145935,0.09402090311050415,357.52171635627747,462.2015357017517,0.3498636484146118,360.08601331710815,639.7476749420166,0.17338153719902039
18,370.650661110878,454.6690077781677,0.1666223108768463,361.6622841358185,460.7244021296501,0.2044096291065216,378.30211544036865,458.4964852333069,0.1061616837978363,357.661355137825,462.9109354019165,0.3497623801231384,359.31014037132263,655.3406167030334,0.18974924087524414
19,367.91892671585083,446.8071253299713,0.1642988622188568,361.7844626903534,460.8153505921364,0.192292720079422,378.0504403114319,458.03284788131714,0.09009867906570435,357.48283529281616,462.73027658462524,0.33813995122909546,360.08477115631104,655.3612220287323,0.19004285335540771
20,370.7663987874985,454.50070905685425,0.16824594140052795,361.70183992385864,460.86076134443283,0.20240193605422974,377.90086936950684,458.51466715335846,0.09449699521064758,357.60664319992065,463.07147121429443,0.34814733266830444,360.13336992263794,655.4030525684357,0.1866295039653778
21,367.875235080719,446.5034730434418,0.16960197687149048,361.6741232872009,460.52147346735,0.20227745175361633,378.04987382888794,458.06323742866516,0.09585446119308472,357.4146022796631,462.317503452301,0.33719950914382935,359.98242115974426,655.222635269165,0.19604623317718506
22,97.62933373451233,633.5762224197388,0.18550163507461548,361.8454842567444,460.81906336545944,0.203596293926239,378.2177963256836,458.29901361465454,0.09613296389579773,357.2614017724991,462.4498219490051,0.35517388582229614,359.8727662563324,655.2069914340973,0.18934226036071777
23,97.9644775390625,633.8844423294067,0.19981154799461365,361.834956407547,460.7718816399574,0.20340287685394287,378.45544481277466,458.4087289571762,0.09197556972503662,357.2120487689972,462.38792514801025,0.3355861008167267,359.56941294670105,654.8143334388733,0.19313770532608032
24,98.2507266998291,634.2565349340439,0.20982971787452698,361.7302944660187,460.7701997756958,0.20323261618614197,91.49571031332016,644.4965210258961,0.10110852122306824,357.4627788066864,462.5531802177429,0.3561629056930542,359.5603914260864,655.120519399643,0.1918051838874817
25,98.69095420837402,634.4235438108444,0.20033207535743713,90.70169341564178,642.5975497961044,0.20140939950942993,91.39446473121643,644.9014792442322,0.10131943225860596,357.3947629928589,463.3129549026489,0.33882057666778564,359.8530750274658,655.161064863205,0.18066897988319397
26,98.4731035232544,634.4195421934128,0.21191886067390442,361.67204451560974,460.6708818078041,0.2084219753742218,91.16090029478073,644.6245430707932,0.10697820782661438,357.9766128063202,457.60183000564575,0.34935057163238525,359.7605290412903,639.2363064289093,0.1752047836780548
27,99.02049624919891,634.6479066610336,0.21181568503379822,361.6142246723175,460.7778899073601,0.20949655771255493,90.78899538516998,644.8135324120522,0.11027246713638306,357.41085982322693,462.5664644241333,0.3636401891708374,359.52790427207947,655.0293583869934,0.17963674664497375
28,98.87339305877686,634.8422937393188,0.20980370044708252,361.50469040870667,460.7956448197365,0.21516817808151245,91.49072635173798,644.5720362663269,0.1135614812374115,357.1910648345947,462.9098119735718,0.35633134841918945,359.7021975517273,655.0693106651306,0.19129908084869385
29,98.80553209781647,634.6785975694656,0.21132111549377441,90.282310962677,643.1646245121956,0.2001599371433258,91.37229466438293,644.6309050917625,0.1121705174446106,357.2346279621124,462.26393604278564,0.3448338508605957,359.53209233283997,655.5001676082611,0.18782523274421692
30,98.8462643623352,635.17467212677,0.20194131135940552,361.4841637611389,460.76372599601746,0.21938687562942505,91.34237378835678,644.8071606755257,0.10463270545005798,358.8153896331787,457.57091760635376,0.326221764087677,359.400253534317,655.1645648479462,0.17291870713233948
31,290.19808614254,462.05306673049927,0.23582062125205994,364.78326815366745,467.26880061626434,0.278516948223114,360.68422746658325,459.39992702007294,0.14150530099868774,357.2719694375992,463.84639501571655,0.38570767641067505,368.6539969444275,459.00866663455963,0.21689575910568237
32,369.16639256477356,447.7179503440857,0.2424386441707611,363.17240285873413,452.59736382961273,0.3410259485244751,362.25101804733276,460.53497380018234,0.13915646076202393,360.0969591140747,459.979483127594,0.4111979603767395,353.9423031806946,460.459371984005,0.22025492787361145
33,373.1560654640198,447.3425455093384,0.3392627537250519,364.0537839643657,452.02874545939267,0.32150691747665405,376.81126499176025,459.867847725749,0.1474655270576477,356.9830948114395,459.7608833312988,0.402998149394989,368.5377173423767,460.00472838710994,0.23337921500205994
34,374.2532534599304,448.4984395503998,0.3037928342819214,364.6167768239975,453.05554366111755,0.34293538331985474,375.95937871932983,460.3584187030792,0.14739596843719482,355.3762000799179,459.4014868736267,0.42172837257385254,368.37419843673706,459.61121356487274,0.26639074087142944
35,451.98429365456104,457.50151324272156,0.2516857385635376,452.58571922779083,461.413188457489,0.2858273386955261,91.44470191001892,644.5664036870003,0.10507497191429138,358.50047183036804,459.58648777008057,0.2770841717720032,369.95634841918945,459.44371205568314,0.21849918365478516
36,99.14067757129669,635.3348025083542,0.20025482773780823,472.5903570652008,464.7686445713043,0.25637149810791016,471.44518280029297,460.0206975135952,0.10224789381027222,462.9498152732849,462.2055583000183,0.20983681082725525,461.83534049987793,458.8181742429733,0.19348058104515076
37,455.1921899318695,443.2548666000366,0.2538461685180664,489.5850911140442,445.03167486190796,0.32926666736602783,91.5244819521904,644.7612195611,0.11350774765014648,467.58710157871246,455.1687762737274,0.23257845640182495,490.07290291786194,464.9234571456909,0.22652855515480042
38,467.95104870945215,433.0322139263153,0.2123706042766571,486.28235125541687,443.1389554142952,0.23862650990486145,503.81339931488037,444.22555185854435,0.12136346101760864,505.7140226364136,441.6759874820709,0.2015317976474762,480.55803632736206,444.69503605365753,0.2727917432785034
39,490.91458082199097,427.7373997271061,0.20211362838745117,533.8440853357315,428.3590579032898,0.26771414279937744,90.87195026874542,644.7251856923103,0.0969567596912384,485.8515909910202,436.2441640198231,0.19155782461166382,497.07053565979004,429.5655183792114,0.20339378714561462
40,519.2245604991913,411.48415756225586,0.24764341115951538,535.9672319889069,413.05579948425293,0.3019481897354126,90.97187674045563,644.6465158462524,0.10758993029594421,531.98390282318,425.67324686050415,0.19959422945976257,362.1546239852905,677.6754688024521,0.19168585538864136
41,98.75002110004425,636.2871125638485,0.18999901413917542,564.9041955471039,404.44230487942696,0.20581623911857605,91.19326436519623,644.3521157205105,0.10096973180770874,522.9757729768753,410.786873459816,0.15039700269699097,528.9458141326904,413.3065724372864,0.21417942643165588
42,518.1681909561157,396.65537786483765,0.2708565592765808,567.3200838565826,396.1544404029846,0.25272440910339355,91.0637076497078,644.4805010855198,0.10110196471214294,516.9893524050713,408.3354597091675,0.1850411295890808,551.2523822784424,433.8044571876526,0.2080805003643036
43,518.4009165763855,395.08880043029785,0.28551721572875977,566.6595993041992,396.3763976097107,0.26030558347702026,90.98482728004456,644.3514697253704,0.10603764653205872,566.1752965450287,410.32909631729126,0.20567670464515686,362.6571125984192,677.9995033740997,0.18975210189819336
44,518.0422823429108,396.65935945510864,0.2976541817188263,565.8685773611069,400.19804549217224,0.21624210476875305,90.98001050949097,644.6394140720367,0.10076132416725159,518.999397277832,409.80568075180054,0.18806660175323486,572.7706335186958,411.3778531551361,0.22037926316261292
45,517.6408567428589,398.81077003479004,0.2705290913581848,574.743287563324,413.76453590393066,0.2096470296382904,91.07238352298737,644.488433599472,0.1109430193901062,568.4527261257172,409.06113839149475,0.16940829157829285,586.7914724349976,436.7869002223015,0.2518552541732788
46,536.7767271995544,411.95248889923096,0.3074880838394165,549.4083493947983,416.3369891643524,0.3108181953430176,538.2553609609604,423.18340277671814,0.11710268259048462,535.7434792518616,421.1130644083023,0.25455746054649353,570.2130053043365,454.23257184028625,0.23882260918617249
47,538.5574429035187,430.3369903564453,0.2703914940357208,537.5262470245361,437.8893772363663,0.2992069721221924,540.659077167511,438.2986762523651,0.13812634348869324,534.5818843841553,439.8432981967926,0.23326095938682556,553.3399205207825,470.26251554489136,0.25316688418388367
48,522.3858472108841,450.68140375614166,0.2098543643951416,523.5909624099731,459.093435049057,0.2254715859889984,523.5799048244953,461.12663090229034,0.11853882670402527,89.61109924316406,649.3252902030945,0.17052531242370605,524.4789119064808,470.08709597587585,0.23038378357887268
49,99.09645617008209,636.3236554563046,0.1880393624305725,488.33349657058716,453.1426272392273,0.183272123336792,91.32294023036957,644.926107108593,0.09646648168563843,488.6177535057068,456.0291585922241,0.1992509961128235,361.83680486679077,678.1304183006287,0.18530264496803284
50,468.40871861577034,459.408619761467,0.19302839040756226,473.60740303993225,467.23271495103836,0.1676282286643982,91.51096296310425,645.5578573942184,0.07901129126548767,475.7959986627102,462.13788199424744,0.15354812145233154,360.3177218437195,678.9676759243011,0.23001307249069214
51,449.7145562171936,461.6546484231949,0.17319777607917786,100.40243074297905,650.9150192737579,0.14892101287841797,91.73449632525444,645.6290129423141,0.06921848654747009,355.4258716106415,463.71030139923096,0.17768767476081848,358.8295111656189,679.1948010921478,0.23231425881385803
52,98.94511675834656,637.396528840065,0.16243159770965576,91.79578846693039,644.9944348931313,0.14130276441574097,92.10755471885204,645.3709273338318,0.06637787818908691,355.75716385245323,463.36101627349854,0.14684933423995972,358.35865664482117,665.6006169319153,0.22589558362960815
53,99.30364733934402,637.3996897935867,0.17072942852973938,92.00057394913165,644.7190915346146,0.15213194489479065,91.79663148522377,645.5484253168106,0.07283997535705566,458.9793190956116,473.64778327941895,0.16612687706947327,355.5745696425438,664.4095168113708,0.2703956365585327
54,99.07723516225815,637.3873772621155,0.16170650720596313,100.44311934709549,651.3258969187737,0.1332300305366516,91.53548666834831,645.5088545084,0.06234383583068848,349.8451175689697,466.5930209159851,0.1634472906589508,352.33768486976624,647.8111863136292,0.2525772154331207
55,99.18778520822525,637.3495383262634,0.15895339846611023,91.70747116208076,644.6588194966316,0.14503806829452515,91.73342913389206,645.4314090013504,0.06674507260322571,347.4917163848877,466.7519037723541,0.14743086695671082,349.4552402496338,674.5739129781723,0.1892901062965393
56,99.47919738292694,637.1251603364944,0.16237914562225342,424.9967222213745,478.9700653553009,0.17178896069526672,91.88579788804054,645.2763458490372,0.06826475262641907,344.2504253387451,465.08367681503296,0.17964154481887817,349.469518661499,665.3006629943848,0.19612979888916016
57,404.56135749816895,478.9464430809021,0.24101710319519043,411.6879849433899,492.04711120948195,0.22132575511932373,411.4782444238663,494.5430929660797,0.0887729823589325,344.15025568008423,463.1522698402405,0.20137730240821838,415.33371591567993,491.70243313908577,0.20394963026046753
58,392.7605948448181,480.23872327804565,0.19633224606513977,409.20022416114807,493.82610058784485,0.2439548671245575,408.3329315185547,491.01671904325485,0.08266022801399231,349.4318561553955,466.10443925857544,0.21458923816680908,416.0735750198364,492.0225295778364,0.19507324695587158
59,391.07712602615356,480.10832047462463,0.2618847191333771,390.34674286842346,483.8739470541477,0.2750319242477417,407.9357330799103,491.0002421140671,0.0948818027973175,350.03860998153687,465.9629101753235,0.2315206527709961,415.5110056400299,492.02480419911444,0.18704146146774292
60,390.25107765197754,480.9542660713196,0.2643390893936157,389.8173099756241,484.0955147370696,0.26315033435821533,395.14951342344284,494.1996715068817,0.09102141857147217,348.474317073822,467.17534136772156,0.23198780417442322,398.10112977027893,491.79631377756596,0.19998863339424133
61,387.8280345350504,481.87233448028564,0.2262963354587555,395.2013372182846,499.3105102777481,0.2613624930381775,395.31740778684616,494.3760440349579,0.07262563705444336,349.974534034729,465.310266494751,0.24333325028419495,396.4536232948303,516.9841597676277,0.21835356950759888
62,382.26974391937256,481.87259674072266,0.21552187204360962,391.88725233078003,500.5647947192192,0.27053946256637573,394.0183606147766,506.9583201408386,0.07222574949264526,351.99608278274536,466.2318184375763,0.22319656610488892,345.4684863090515,665.4479112625122,0.22576406598091125
63,388.27591851353645,485.31413316726685,0.22941690683364868,368.97197556495667,483.44156712293625,0.24967056512832642,378.62362802028656,494.13131952285767,0.0792938768863678,353.87455558776855,467.43656527996063,0.22514304518699646,343.007835149765,664.5359311103821,0.2670833170413971
64,387.65511670708656,487.1821961402893,0.177178293466568,347.7031476199627,453.3433983325958,0.2410685122013092,91.41648018360138,645.8998509645462,0.07174056768417358,336.5587034225464,454.80261158943176,0.21681058406829834,343.1729497909546,676.5626398921013,0.2654799222946167
65,98.85601592063904,637.3175435066223,0.16264083981513977,346.9916865825653,452.97505140304565,0.2674673795700073,91.3541209101677,645.9508355855942,0.06922301650047302,335.6834063529968,455.7305555343628,0.25240558385849,343.0108368396759,663.5293238162994,0.26618650555610657
66,339.6387048959732,442.17771208286285,0.18215373158454895,345.9084827899933,454.1224217414856,0.28936323523521423,91.73295304179192,645.2634062767029,0.07014816999435425,334.7610607147217,457.256196975708,0.2527710795402527,340.70369094610214,663.7764108181,0.29309797286987305
67,338.91084027290344,442.85888862609863,0.2103937864303589,331.31952399015427,453.459370136261,0.30305081605911255,330.4425058364868,445.2099355459213,0.07490938901901245,327.1042671203613,452.2863029539585,0.2302500307559967,338.3034107685089,664.8804092407227,0.261324018239975
68,338.05147778987885,444.29905182123184,0.21904319524765015,330.79981994628906,453.02953338623047,0.31816112995147705,329.9178030490875,444.9731216430664,0.08428218960762024,324.87204271554947,453.3934202194214,0.31509432196617126,335.0976676940918,679.0623500347137,0.22139975428581238
69,329.34877848625183,442.04757046699524,0.17591702938079834,330.43372988700867,453.45346784591675,0.3158171772956848,329.36880230903625,443.30548191070557,0.0713089108467102,320.25054955482483,457.23704051971436,0.35304784774780273,331.3975806236267,675.4553599953651,0.20800456404685974
70,323.78653368353844,441.87942719459534,0.21313801407814026,323.64073061943054,452.03299900889397,0.29816949367523193,313.59801292419434,460.95738220214844,0.0935010313987732,318.8089437484741,456.78616881370544,0.2559053301811218,362.1767997741699,516.5170700550079,0.2809605598449707
71,321.01412892341614,446.0754909515381,0.1569710373878479,349.6640238761902,503.13711762428284,0.27608203887939453,312.7752876281738,460.9464532136917,0.07046657800674438,305.1479721069336,452.71219420433044,0.3129725456237793,344.2605333328247,516.5815923810005,0.2347593605518341
72,301.9615832567215,449.0177848339081,0.14370420575141907,336.14014530181885,503.44876742362976,0.32954180240631104,348.75211054086685,509.2741516828537,0.08067166805267334,302.40094327926636,456.67444014549255,0.25729918479919434,345.5230224132538,516.6033687591553,0.3003156781196594
73,340.0917736515403,501.32153606414795,0.17819231748580933,322.0218914747238,498.4213774204254,0.26416605710983276,124.70544397830963,4.177058726549149,0.06451958417892456,290.38595712184906,454.2550308704376,0.23016199469566345,329.6139132976532,516.4517446756363,0.30354487895965576
74,327.6932907104492,494.7350220680237,0.17356398701667786,320.0038158893585,504.5533905029297,0.3774174451828003,280.944527387619,460.9220046401024,0.07624036073684692,286.29854345321655,457.1376082897186,0.2777464687824249,291.6412888765335,665.4834537506104,0.3140675127506256
75,325.28711473941803,500.41286849975586,0.19715455174446106,306.2807637453079,498.9796667098999,0.2929842472076416,313.9492757320404,508.93751484155655,0.07246935367584229,277.63000869750977,455.5899245738983,0.22276350855827332,313.05908370018005,515.8543600440025,0.30645617842674255
76,283.5058708190918,450.32703161239624,0.14775317907333374,305.80818152427673,504.0215210914612,0.38962480425834656,281.16579484939575,459.3204408288002,0.07310602068901062,271.9952988624573,457.7431046962738,0.25405436754226685,281.4947443008423,677.3633605241776,0.3162553310394287
77,305.94951844215393,494.7867045402527,0.19707509875297546,302.5371518135071,505.4704055786133,0.2876259684562683,297.4097487926483,509.53162121772766,0.08173125982284546,262.28244066238403,462.9058451652527,0.2517054080963135,274.3568149805069,679.1265177726746,0.33318614959716797
78,264.7323112487793,457.29899168014526,0.1534939706325531,290.0933606624603,504.31222581863403,0.4094299376010895,300.0923695936799,510.24253845214844,0.0731869637966156,251.1509509086609,463.35765075683594,0.2369217872619629,264.5650701522827,674.0636184215546,0.3317631185054779
79,249.60084342956543,459.9132957458496,0.18603414297103882,275.1364176273346,499.6767868697643,0.31332430243492126,281.62362718582153,508.93968176841736,0.08449572324752808,246.1765251159668,463.0377821922302,0.2932896912097931,258.27377486228943,678.0011613368988,0.32895469665527344
80,247.38786554336548,459.16630494594574,0.1944967806339264,273.54984307289124,504.5386743545532,0.4415108561515808,264.1526892185211,508.2357219308615,0.0828714668750763,238.929181098938,462.19238471984863,0.25462472438812256,248.6153814792633,673.3854219913483,0.34852713346481323
81,235.63190507888794,461.37539434432983,0.22969672083854675,258.7088452577591,500.9958429336548,0.3560263514518738,266.0762882232666,509.1758779287338,0.07720991969108582,228.85290628671646,462.20348262786865,0.30466192960739136,242.94748270511627,676.6797283887863,0.3311994969844818
82,237.00524616241455,463.81300354003906,0.2852714955806732,256.4825189113617,504.7680616378784,0.41544729471206665,233.9994616508484,476.0013266366441,0.09460669755935669,221.19441175460815,469.64128041267395,0.2673543095588684,232.07552909851074,673.8886325359344,0.364906907081604
83,217.72159433364868,461.22512769699097,0.17878475785255432,242.8153291940689,502.5222842693329,0.3691626489162445,251.28931373357773,509.7480630874634,0.06862106919288635,210.65209090709686,465.5531039237976,0.26902100443840027,224.68500065803528,675.6276338398457,0.34114253520965576
84,215.29796504974365,458.6288379430771,0.22894003987312317,240.99786472320557,504.53557109832764,0.4427173435688019,217.94558787345886,475.78885604441166,0.08317255973815918,201.30229425430298,463.5470666885376,0.29296839237213135,216.53579187393188,674.0611302852631,0.38060855865478516
85,201.20992755889893,459.8257646560669,0.2586357891559601,226.76330065727234,500.5261065363884,0.37919706106185913,218.32134461402893,476.2077710479498,0.07896146178245544,195.29321467876434,465.8705372810364,0.3786640465259552,212.9144368171692,674.8801712989807,0.3464927077293396
86,200.08758068084717,458.60139286518097,0.2280791997909546,226.69435143470764,503.61253666877747,0.42181968688964844,202.18918466567993,461.9979375600815,0.0919218361377716,188.69082689285278,468.3975867629051,0.3393843173980713,207.59666299819946,663.0228068828583,0.34948939085006714
87,198.87796211242676,459.191045999527,0.273731529712677,225.42089915275574,503.79600954055786,0.4345657229423523,202.6164357662201,476.8309304714203,0.104510098695755,184.49138259887695,471.3475842475891,0.3959815502166748,200.78055834770203,673.3818652629852,0.3817809224128723
88,198.32629251480103,461.127965092659,0.2371516227722168,224.03795170783997,505.09152126312256,0.40521323680877686,203.4749168753624,476.2027736008167,0.10546514391899109,185.9427547454834,471.368759393692,0.32849615812301636,201.05332136154175,674.5955581665039,0.3633473515510559
89,197.85109269618988,461.5088127851486,0.20723572373390198,221.9392433166504,505.132031917572,0.3412565588951111,203.7919062525034,476.3428141772747,0.09389126300811768,177.82170915603638,467.3424862623215,0.34304749965667725,198.2996551990509,676.6688514351845,0.3611864149570465
90,198.00607919692993,461.96291720867157,0.21561619639396667,210.37051451206207,500.3204957842827,0.3336678743362427,202.85226047039032,476.0841536298394,0.06750524044036865,177.03390312194824,469.3609757423401,0.37322914600372314,195.96692718565464,666.172242641449,0.3540731370449066
91,196.6931203007698,462.57749819755554,0.21775606274604797,211.20870357751846,501.0642845630646,0.3568188548088074,218.3216174840927,504.5616979598999,0.06726855039596558,176.30964994430542,469.07829570770264,0.40536609292030334,196.85569524765015,675.9315497800708,0.35718291997909546
92,196.50576394796371,462.45067715644836,0.24703040719032288,213.10289871692657,499.52250811457634,0.3698144555091858,217.63978791236877,504.30466175079346,0.08095943927764893,176.0606141090393,469.160506606102,0.40048664808273315,196.84430599212646,675.6999803483486,0.37020057439804077
93,196.96275693178177,462.86881971359253,0.24845382571220398,212.43261805176735,498.73556780815125,0.389067143201828,217.9492118358612,504.36350679397583,0.1003844141960144,176.12774658203125,467.46129763126373,0.4043809175491333,197.030695438385,677.227376461029,0.37340304255485535
94,196.3638400733471,463.0105209350586,0.26381292939186096,212.75723588466644,498.840101480484,0.393159419298172,217.671715259552,494.90111351013184,0.0893133282661438,175.63010549545288,467.9359368905425,0.41064608097076416,197.5744662284851,675.6730136871338,0.36587798595428467
95,196.81826442480087,462.5801696777344,0.2474280297756195,212.05229879170656,498.6776475906372,0.3965844213962555,217.8819887638092,494.9790186882019,0.10145887732505798,175.7807183265686,468.11765194684267,0.3850747048854828,197.00150382518768,677.3333556652069,0.36045655608177185
96,197.02797496318817,461.946004986763,0.25042814016342163,213.09492588043213,498.39910423755646,0.39831578731536865,217.98091745376587,494.8851854801178,0.100365549325943,176.06083011627197,467.4099540710449,0.40808671712875366,196.8047604560852,675.1963865756989,0.35544270277023315
97,196.89436036348343,461.8485218286514,0.24930396676063538,211.5907774567604,498.59377324581146,0.41245290637016296,217.76656866073608,494.97937655448914,0.10144451260566711,176.82067441940308,467.708999812603,0.39610347151756287,196.02149338275194,677.7823498249054,0.3626862168312073
98,196.9368924498558,461.83987867832184,0.2436336874961853,213.0249820947647,498.301527261734,0.37296128273010254,217.8930184841156,494.9272940158844,0.10167324542999268,177.632084608078,466.1874418258667,0.40496626496315,195.90316684544086,666.5354356765747,0.34190642833709717
99,196.45017737150192,461.7771108150482,0.22873610258102417,212.24045269191265,498.2384625673294,0.3713642954826355,217.83555626869202,494.9595730304718,0.09732094407081604,176.86197113990784,466.80748200416565,0.4110671877861023,196.25769585371017,666.0897736549377,0.3576679825782776
100,196.92018777132034,461.6418650150299,0.20595130324363708,212.4360848069191,497.61330914497375,0.37093955278396606,217.60362601280212,494.93537855148315,0.09172376990318298,177.13737392425537,466.9458078145981,0.4146609902381897,197.15943443775177,665.7927813529968,0.3586539626121521
101,196.7458412051201,461.1705312728882,0.21530824899673462,212.64803838729858,498.67338240146637,0.38282132148742676,217.7998070716858,494.87564873695374,0.10063284635543823,177.04665851593018,467.0937193632126,0.3965698480606079,196.88990902900696,665.7892479896545,0.3638746440410614
102,573.027681350708,302.45448780059814,0.21425101161003113,212.92753034830093,497.41054797172546,0.357351690530777,212.68678081035614,492.599927008152,0.09394112229347229,177.16147994995117,466.9040640592575,0.39412403106689453,197.91905903816223,676.5631481409073,0.38139599561691284
103,197.09403228759766,461.1416391134262,0.21489068865776062,213.31149339675903,497.471702337265,0.32516157627105713,217.70794486999512,494.769624710083,0.08376476168632507,177.68184781074524,465.31891345977783,0.3691830337047577,198.40690660476685,676.524456679821,0.3732379078865051
104,197.04293704032898,460.8949345946312,0.24055829644203186,213.2421599626541,497.2457847595215,0.33892858028411865,218.05364346504211,494.6162745952606,0.09029263257980347,177.2008740901947,466.0227246284485,0.38014501333236694,199.68468618392944,675.3306720256805,0.3570514917373657
105,197.0954600572586,460.79970866441727,0.23677769303321838,222.89965343475342,500.3458593785763,0.3290218114852905,217.78670120239258,494.4497652053833,0.08244743943214417,177.44807863235474,465.17279148101807,0.35594600439071655,199.85826301574707,674.9462089538574,0.38570401072502136
106,197.09551799297333,461.0083076953888,0.2545589208602905,224.17529821395874,499.30757439136505,0.3456055521965027,203.06643849611282,476.16988188028336,0.08985406160354614,177.54093718528748,465.0187449455261,0.34176141023635864,199.31830739974976,675.1595458388329,0.3917670249938965
107,197.26792073249817,461.187136888504,0.24954098463058472,223.40496683120728,499.2056746482849,0.34813785552978516,202.8029361963272,475.96129424497485,0.0908377468585968,178.74583208560944,463.1845951080322,0.3131212890148163,200.01414489746094,675.4265136122704,0.40193620324134827
108,197.91302263736725,460.66856718063354,0.2868741750717163,218.5023477077484,499.25204730033875,0.3172854781150818,217.55351281166077,495.088303565979,0.11087924242019653,177.93994045257568,463.0665864944458,0.3443549871444702,199.93139028549194,674.1325960159302,0.36975789070129395
109,197.89904582500458,460.4735472202301,0.2859993577003479,211.94120308756828,484.52686923742294,0.29856863617897034,217.92607307434082,494.7146227359772,0.12332677841186523,178.35823011398315,464.3965446949005,0.29107362031936646,199.87367153167725,674.2455552816391,0.3925253450870514
110,198.71424412727356,459.19657266139984,0.29709911346435547,223.94250679016113,484.7465023994446,0.39125844836235046,217.64459657669067,494.43623781204224,0.13181018829345703,180.29776379466057,465.871075630188,0.28402769565582275,199.62398767471313,673.852468252182,0.4032766819000244
111,200.09013175964355,458.5987173318863,0.303358793258667,226.86586141586304,481.6486744880676,0.3894554376602173,217.94626593589783,477.96906065940857,0.12922504544258118,181.89175713062286,468.59445548057556,0.3484198749065399,200.1876573562622,673.7734797000885,0.40498918294906616
112,212.65058201551437,458.444712638855,0.29805731773376465,229.2233692407608,481.8517715930939,0.4359704852104187,217.69876289367676,477.65426802635193,0.14851000905036926,181.95225274562836,470.26495599746704,0.35335078835487366,200.73821759223938,673.8855044841766,0.40858393907546997
113,230.49354004859924,462.71990299224854,0.32541385293006897,229.95460653305054,467.82980671525,0.42234063148498535,217.18627977371216,478.53385853767395,0.1466466784477234,186.83897590637207,475.2400074005127,0.32667219638824463,199.4140501022339,673.5992569923401,0.40729618072509766
114,227.40705519914627,459.17073369026184,0.3103598952293396,230.69437456130981,467.67910462617874,0.41876089572906494,217.06846070289612,478.76462388038635,0.128319650888443,183.3703145980835,470.86315989494324,0.3240181505680084,200.34195590019226,674.292954325676,0.43078041076660156
115,227.98445420712233,458.2287777662277,0.28272196650505066,231.61535716056824,466.375603556633,0.42480945587158203,217.42597556114197,478.6017270088196,0.1275213360786438,182.86071467399597,470.78762793540955,0.33654308319091797,200.6051323413849,673.867377281189,0.4005225896835327
116,229.81976127624512,461.6312470436096,0.30898067355155945,232.15047025680542,466.70258593559265,0.423092246055603,200.87152910232544,462.314640045166,0.11331629753112793,208.83057260513306,461.24189496040344,0.32008206844329834,199.97970390319824,673.5448083877563,0.3940664529800415
117,228.57871514558792,456.8777298927307,0.2988892197608948,232.2981915473938,466.926885843277,0.41448792815208435,217.32401490211487,478.23698806762695,0.11582466959953308,209.0202853679657,461.12508475780487,0.3279975652694702,200.54931783676147,673.5098705291748,0.3672666549682617
118,230.49255514144897,461.1336817741394,0.31441211700439453,233.00285530090332,467.12182676792145,0.40798020362854004,236.87428414821625,471.7920358181,0.11155757308006287,208.45437169075012,460.5319275856018,0.32037925720214844,201.0322082042694,673.8619179725647,0.381519615650177
119,230.68017649650574,460.2089867591858,0.3087176978588104,232.91675901412964,466.26071202754974,0.38622838258743286,217.70266675949097,460.41690135002136,0.11570897698402405,208.0227518081665,461.35676300525665,0.3261992931365967,203.43642663955688,667.6583156585693,0.38100844621658325
120,230.8679962158203,459.9768953323364,0.30368125438690186,233.30279064178467,465.9499900341034,0.36766648292541504,217.90691423416138,460.07694052904844,0.11364132165908813,208.1386902332306,460.9602246284485,0.3091983199119568,201.2650408744812,674.1865109205246,0.37706857919692993
121,231.78605365753174,459.89153480529785,0.3381458818912506,232.94019508361816,466.69508624076843,0.3823464810848236,218.21330749988556,460.4222622513771,0.12025144696235657,223.85939025878906,460.5363487005234,0.30814129114151,201.4504234790802,673.845648765564,0.3717651665210724
122,232.25759840011597,459.22987937927246,0.30668723583221436,233.1219630241394,465.58404541015625,0.35474497079849243,217.8188054561615,460.2442548274994,0.11589229106903076,208.4235439300537,461.2840359210968,0.31803256273269653,221.42935490608215,482.97914028167725,0.36690643429756165
123,233.1055645942688,458.74772930145264,0.29717564582824707,232.59896898269653,465.58574652671814,0.35470181703567505,217.59591007232666,460.32600688934326,0.11957606673240662,224.31032133102417,460.50165432691574,0.32360875606536865,206.69707679748535,663.8607151508331,0.3708014488220215
124,233.19706344604492,457.2546081542969,0.2895607352256775,234.83460760116577,467.30476063489914,0.34783169627189636,217.3852949142456,460.18916372954845,0.11610224843025208,225.33512568473816,460.287964373827,0.33277714252471924,207.82524061203003,664.5421857833862,0.3537701964378357
125,234.55216550827026,455.9035310745239,0.2864568531513214,235.00102150440216,466.939449429512,0.3680402636528015,217.2562267780304,460.62707513570786,0.13020986318588257,207.44097232818604,461.12051701545715,0.3476775288581848,208.54204535484314,664.9501767158508,0.3558618426322937
126,229.23687756061554,449.6357493400574,0.276502788066864,233.16263437271118,464.54854226112366,0.36005899310112,217.05370092391968,460.5151967406273,0.13169053196907043,226.5536630153656,460.23689161241055,0.34141266345977783,209.03723621368408,666.1140732765198,0.37047278881073
127,229.228351354599,449.49274730682373,0.3030548691749573,231.37361407279968,454.05823373794556,0.36233001947402954,216.68635869026184,460.421179831028,0.12381508946418762,226.07298493385315,460.413845539093,0.32843083143234253,209.80830931663513,666.610821723938,0.3688492476940155
128,229.04798662662506,447.86719274520874,0.316433846950531,230.96712565422058,453.90478014945984,0.36929070949554443,217.25660490989685,460.640215754509,0.11889740824699402,207.1402063369751,460.70523327589035,0.3034666180610657,211.23833656311035,674.8494913578033,0.3642881512641907
129,228.7180913090706,448.0910186767578,0.2962464690208435,231.13955664634705,453.5018653869629,0.36340075731277466,217.33849263191223,460.63601917028427,0.10684296488761902,207.0918927192688,460.2166811823845,0.2897554039955139,211.64403343200684,674.7712950706482,0.37729179859161377
130,228.9379916191101,447.609338760376,0.302093505859375,231.22483944892883,454.1454200744629,0.3933510184288025,216.68221139907837,460.96445924043655,0.10840892791748047,206.6327519416809,460.32452619075775,0.30799806118011475,211.19665145874023,674.9482891559601,0.3716829717159271
131,228.65648877620697,447.70204496383667,0.3015030026435852,231.11394429206848,453.662522315979,0.3774357736110687,216.67462158203125,461.04121363162994,0.11117872595787048,206.69698905944824,459.8799187615514,0.30745792388916016,222.08349227905273,466.4009407758713,0.372814416885376
132,227.86409458518028,447.3156280517578,0.30292078852653503,230.99602437019348,453.5479723215103,0.37080270051956177,216.88578462600708,461.1576089859009,0.11529061198234558,207.0963077545166,460.38813930749893,0.30810654163360596,222.79701399803162,466.7836147546768,0.37524113059043884
133,228.52507853507996,446.6313591003418,0.31727349758148193,230.52368259429932,454.09294509887695,0.3911712169647217,216.64805102348328,461.32749021053314,0.11960393190383911,207.10646724700928,460.27937921881676,0.3077404201030731,222.70516085624695,466.4830809831619,0.36875686049461365
134,228.3178469836712,447.53658628463745,0.33682769536972046,216.03387117385864,449.36297941207886,0.39449790120124817,217.2792670726776,461.6591418981552,0.1208755373954773,207.02093029022217,460.97536408901215,0.3045879900455475,209.4609580039978,666.217990398407,0.3693292438983917
135,228.4081965982914,446.3395118713379,0.3314621150493622,216.1106834411621,449.5979313850403,0.3778059184551239,222.34338188171387,453.8477123975754,0.11071845889091492,206.73128747940063,460.4661774933338,0.29034632444381714,211.0785903930664,674.8440021276474,0.3671708106994629
136,228.94865453243256,446.91266536712646,0.36705899238586426,216.168119430542,450.0922734737396,0.3614010512828827,216.93851161003113,461.28390872478485,0.10942783951759338,206.522114276886,460.99824953079224,0.29661110043525696,210.1542797088623,675.4147645831108,0.3692430257797241
137,228.6222501397133,446.7534680366516,0.365723192691803,216.5064082145691,449.8578841686249,0.3702135682106018,216.7029323577881,461.0130923986435,0.11251410841941833,206.74346446990967,460.50644624233246,0.2976337671279907,211.0591106414795,675.2059557437897,0.39582619071006775
138,228.5486997961998,445.4493227005005,0.3636156916618347,216.61082649230957,450.07658410072327,0.3859279155731201,216.81291151046753,460.93892389535904,0.10394531488418579,206.2962121963501,460.6805502176285,0.2842249870300293,211.50152587890625,674.8021252155304,0.3584749400615692
139,229.1050125360489,445.6942353248596,0.3339000642299652,216.68891191482544,449.51953506469727,0.35256505012512207,216.59091877937317,461.08190846443176,0.09493166208267212,206.17727947235107,460.5415433049202,0.2578064501285553,209.040696144104,666.4128932952881,0.36501991748809814
140,229.13028848171234,445.9790096282959,0.35874199867248535,217.07435512542725,448.86533093452454,0.36435598134994507,216.52735662460327,461.07332599163055,0.10020855069160461,206.72324800491333,460.5199045538902,0.2853986620903015,210.37388706207275,675.3192751407623,0.3872625231742859
141,229.50932037830353,445.8692169189453,0.32940977811813354,217.79655599594116,448.5842795372009,0.3398599624633789,216.53594303131104,460.93258875608444,0.10272613167762756,205.74900579452515,460.1320271342993,0.2758096158504486,211.22506141662598,675.5041261613369,0.36406123638153076
142,230.36141300201416,445.5227174758911,0.324313223361969,217.8320140838623,448.6729438304901,0.33864840865135193,216.70314598083496,461.0564628839493,0.10278823971748352,188.73344326019287,470.5990722179413,0.2842870056629181,211.6163272857666,675.3134771585464,0.3820626139640808
143,230.7316610813141,444.8725380897522,0.33137983083724976,217.17400741577148,449.084929227829,0.34760889410972595,216.09743237495422,460.96790558099747,0.10348665714263916,188.8977756500244,471.3193550109863,0.2903483510017395,211.34781074523926,675.439803302288,0.3856433629989624
144,230.6333258152008,444.89202213287354,0.3191712498664856,231.82289719581604,451.4274004101753,0.3712807595729828,216.2639651298523,460.9965728521347,0.0995313823223114,205.58393239974976,460.15478314459324,0.2620704770088196,211.94683265686035,675.1435744762421,0.39042970538139343
145,232.43376398086548,445.6566777229309,0.3371634781360626,231.45206308364868,450.79465985298157,0.39100635051727295,216.60451459884644,460.9077427983284,0.09892416000366211,190.12917518615723,470.9897298812866,0.2657572627067566,212.01368808746338,675.0975208878517,0.3791956305503845
146,232.46801471710205,445.50688791275024,0.32144930958747864,231.48968720436096,451.08510398864746,0.3904881477355957,216.29273509979248,460.98757696151733,0.10133212804794312,190.78458976745605,470.49811124801636,0.2933613955974579,212.75479698181152,674.8382025957108,0.348208487033844
147,232.95681762695312,445.18772172927856,0.3285001516342163,231.99837064743042,451.606953561306,0.39931660890579224,216.0478973388672,460.79370445013046,0.10611382126808167,206.23301029205322,459.30713498592377,0.29629960656166077,212.79837083816528,675.0047316551208,0.37787237763404846
148,233.77562808990479,444.60174226760864,0.2994111180305481,232.05652284622192,450.94502890110016,0.3763998746871948,215.65655660629272,461.16728615760803,0.10996150970458984,206.25792694091797,458.74060010910034,0.2874349355697632,212.5875415802002,674.7260845899582,0.3645687401294708
149,233.72791242599487,445.4999575614929,0.2744988203048706,232.69611883163452,450.53466510772705,0.3935852348804474,216.20267868041992,460.78523802757263,0.10246208310127258,206.53213453292847,459.10009241104126,0.28472304344177246,212.63066482543945,674.8874034881592,0.36029142141342163
150,229.4595891237259,443.6852116882801,0.2954590320587158,233.19952535629272,449.86314487457275,0.4238327741622925,216.24370431900024,460.65701431035995,0.1181340217590332,192.86364579200745,470.63457202911377,0.29175296425819397,213.8825569152832,674.6126676797867,0.36342257261276245
151,234.90438890457153,445.4608359336853,0.2862471044063568,233.3365340232849,449.2363004684448,0.42986583709716797,237.07127809524536,455.21902322769165,0.10895287990570068,193.95531296730042,469.6420296430588,0.2717142701148987,219.80393859744072,466.4651699066162,0.33642667531967163
152,230.9529688358307,443.424873650074,0.28085851669311523,233.78495979309082,448.8194508552551,0.4313606023788452,237.5258308649063,455.11764454841614,0.12288284301757812,193.40283393859863,470.86719274520874,0.2977568507194519,215.5330491065979,675.5107364058495,0.38147592544555664
153,239.48253536224365,445.3272318840027,0.30345338582992554,233.8845624923706,450.1314787864685,0.4327992796897888,236.9828558564186,455.57708168029785,0.12921717762947083,198.53462553024292,470.5613257884979,0.2787838280200958,215.4808406829834,674.7390669584274,0.40225228667259216
154,241.32375764846802,444.4230360984802,0.3337634205818176,232.93087720870972,449.61831521987915,0.4166063666343689,236.63668775558472,455.15455198287964,0.129823237657547,200.08888816833496,470.25027894973755,0.2859683632850647,215.99972677230835,673.9693789482117,0.3852928876876831
155,242.16177809238434,444.38385105133057,0.34091418981552124,233.436909198761,449.17417097091675,0.3885815739631653,237.6898616552353,455.08154940605164,0.11493593454360962,206.64809560775757,456.1027979850769,0.2776484489440918,219.84425020217896,667.8761143684387,0.37753826379776
156,242.9878785610199,444.74866247177124,0.4117191433906555,233.3444046974182,449.99639225006104,0.36858779191970825,238.00846004486084,454.5104310512543,0.11105450987815857,206.88914442062378,456.15781116485596,0.24729612469673157,222.85727834701538,664.0028991699219,0.325038343667984
157,244.71792429685593,444.1921830177307,0.412015825510025,233.44158458709717,449.7099657058716,0.385703980922699,237.98449230194092,454.6176393032074,0.11496174335479736,207.92879390716553,455.4010555744171,0.26642146706581116,224.82790851593018,677.0199453830719,0.35228365659713745
158,244.4888655245304,443.7128715515137,0.43407803773880005,233.14260530471802,449.25152039527893,0.39102303981781006,238.18630003929138,454.3006043434143,0.11886665225028992,221.52100229263306,460.9155844449997,0.2652856707572937,226.25616455078125,674.8539968729019,0.39386841654777527
159,244.37851119041443,443.5344467163086,0.3904796540737152,232.93875885009766,448.5301556587219,0.38163313269615173,237.90876054763794,454.4108934402466,0.10901209712028503,207.4055690765381,472.03559398651123,0.2691437602043152,227.32293891906738,675.2468176484108,0.3769730031490326
160,244.3657849431038,444.76252031326294,0.4235886037349701,232.75502061843872,448.20745754241943,0.39293450117111206,238.23266124725342,454.3600447177887,0.11079928278923035,207.70765924453735,455.27532386779785,0.26597344875335693,226.748415350914,666.2612209320068,0.3770052194595337
161,244.86299240589142,444.37026357650757,0.449529230594635,232.9871654510498,448.4113099575043,0.39733123779296875,238.393789768219,454.60016989707947,0.11607593297958374,207.18403720855713,455.28326988220215,0.2884630262851715,226.18555784225464,676.3777529001236,0.34948068857192993
162,245.09416353702545,444.06366443634033,0.4303755462169647,233.05488681793213,448.5791082382202,0.3823939859867096,238.384019613266,454.575802564621,0.10432484745979309,207.98170948028564,456.23626708984375,0.2854079604148865,225.22990894317627,676.3578114807606,0.36291855573654175
163,245.78770899772644,443.9187288284302,0.39456406235694885,232.43033838272095,447.58889055252075,0.38137462735176086,237.47001719474792,454.6448001861572,0.10341694951057434,207.86846780776978,456.1461853981018,0.277604877948761,226.10281467437744,674.7261973619461,0.37426048517227173
164,245.48222601413727,443.4607391357422,0.41350510716438293,231.80742144584656,448.46385765075684,0.39495426416397095,237.57719838619232,454.38685035705566,0.11971375346183777,207.18195915222168,456.4985246658325,0.28000903129577637,226.82578372955322,675.0060742497444,0.3593840003013611
165,245.10580205917358,443.97178745269775,0.40555161237716675,232.39470434188843,449.4145908355713,0.4050309658050537,238.0146450996399,454.3394615650177,0.11262848973274231,207.54150342941284,455.59295415878296,0.2965441346168518,226.9096794128418,675.0429604649544,0.356784850358963
166,245.19615602493286,443.46318531036377,0.38726022839546204,232.76465940475464,449.05027866363525,0.39355114102363586,237.80114340782166,454.12031626701355,0.11189082264900208,207.5900845527649,455.1977849006653,0.28183209896087646,226.5364637374878,677.0778193473816,0.34900593757629395
167,246.0684916973114,442.94000816345215,0.3761013150215149,232.36561489105225,448.5571377277374,0.3871355652809143,237.6552027463913,454.2540969848633,0.11239677667617798,207.79717588424683,455.818927526474,0.28609490394592285,226.55270552635193,676.6206473112106,0.37407270073890686
168,245.52519631385803,443.47583770751953,0.36931127309799194,232.11362028121948,448.23422288894653,0.38413554430007935,233.2000434398651,444.00928996503353,0.0996483564376831,207.99938774108887,454.2559072971344,0.2734227776527405,226.95606231689453,674.8603277206421,0.35459473729133606
169,245.53356790542603,443.2025909423828,0.393180251121521,246.28148770332336,451.0153911113739,0.3954540193080902,238.27534413337708,454.22296953201294,0.10977652668952942,208.05091667175293,455.2898383140564,0.2860846519470215,226.4661465883255,677.4273171424866,0.3617536425590515
170,246.31040120124817,443.5254669189453,0.406151682138443,246.45844101905823,451.61634039878845,0.39121678471565247,237.92561221122742,454.8920011520386,0.11914238333702087,209.0749921798706,454.4891633987427,0.268102765083313,226.1158459186554,666.766833782196,0.35365453362464905
171,245.60363590717316,443.23340797424316,0.38733232021331787,246.67693448066711,451.1700690984726,0.3858124017715454,237.97596430778503,454.3152370452881,0.11018648743629456,208.21664762496948,454.2691342830658,0.2775787115097046,227.903715133667,674.7472721338272,0.36123770475387573
172,246.5734384059906,442.90204334259033,0.3876638114452362,246.497793674469,451.1022580265999,0.3905852437019348,238.1412389278412,454.35686683654785,0.11687466502189636,221.907790184021,460.77766954898834,0.25546741485595703,227.487691283226,676.686791062355,0.36952996253967285
173,246.36954402923584,442.28983974456787,0.37874969840049744,247.09631156921387,451.3715250492096,0.3673415780067444,237.91664457321167,454.22268891334534,0.10967439413070679,208.38617587089539,454.4348056316376,0.2731618285179138,227.27366530895233,665.8413262367249,0.3744516968727112
174,246.82539987564087,442.34723377227783,0.3831653892993927,232.3138289451599,450.3503170013428,0.39440256357192993,238.68093633651733,454.35116147994995,0.12255784869194031,209.84817123413086,470.93975925445557,0.28005293011665344,228.8164119720459,674.4412460327148,0.36444950103759766
175,247.52453231811523,441.67873191833496,0.3671903610229492,248.07195711135864,451.5574745833874,0.3754276633262634,238.60128355026245,454.4637315273285,0.11512324213981628,209.30488801002502,472.26455068588257,0.28086552023887634,228.13105392456055,659.8770144954324,0.3786499500274658
176,247.30341601371765,442.10587215423584,0.40171754360198975,247.66530680656433,450.7602001428604,0.37368911504745483,238.11688470840454,454.7454078197479,0.1223081648349762,210.69106769561768,471.3342752456665,0.28147006034851074,229.27674913406372,665.7831282615662,0.3834155797958374
177,248.43431901931763,442.22608852386475,0.4264405369758606,247.15937089920044,451.1742227077484,0.3991783857345581,250.07568788528442,445.3138346672058,0.11528965830802917,210.93945050239563,471.81447291374207,0.3095267415046692,231.31787586212158,665.9663672447205,0.35306069254875183
178,249.0187692642212,442.46298027038574,0.4176445007324219,247.15206050872803,450.532177567482,0.3903617262840271,249.97518706321716,445.1965444087982,0.1212228536605835,212.78443276882172,470.75502371788025,0.2940751314163208,231.8867106437683,674.5122364759445,0.33985477685928345
179,249.96386432647705,444.081995010376,0.43410953879356384,248.46271991729736,450.9719935655594,0.3734576106071472,249.62700581550598,445.4014346599579,0.1256512701511383,214.49777936935425,471.09307050704956,0.30496788024902344,231.70412969589233,674.6957759857178,0.36826249957084656
180,250.757426738739,443.8063774108887,0.4249756932258606,258.841619849205,452.6136815547943,0.35025957226753235,249.49893021583557,445.8636826276779,0.12420070171356201,215.02522039413452,471.5517177581787,0.3049110472202301,232.92087268829346,674.229058265686,0.3634243905544281
181,251.37232780456543,444.5208911895752,0.40098947286605835,252.99388563632965,455.6394507884979,0.36017823219299316,249.62559700012207,445.31638038158417,0.12886390089988708,222.5445728302002,456.8415598869324,0.27912455797195435,232.12040376663208,673.831164598465,0.374087929725647
182,251.92533206939697,443.43654346466064,0.36252060532569885,260.8177359700203,452.2206499129534,0.3870754539966583,250.58012175559998,444.49890860915184,0.10456085205078125,242.54853785037994,456.034255027771,0.2919551134109497,232.81748628616333,673.5881056785583,0.4096529185771942
183,252.39641857147217,442.7405300140381,0.33469158411026,259.77235463261604,451.51886159181595,0.38079380989074707,250.08623361587524,444.4978451728821,0.1104026734828949,259.87159353494644,452.9264935851097,0.30204200744628906,233.41329789161682,673.4466888904572,0.34258198738098145
184,252.58423042297363,443.13251304626465,0.314700186252594,259.3386978507042,451.2566320300102,0.38582783937454224,262.83726930618286,444.44721633195877,0.11431631445884705,257.281879901886,444.5873450040817,0.2877422869205475,234.0582638978958,673.3022041320801,0.29925501346588135
185,264.32172441482544,439.9383125305176,0.316116601228714,261.6882164478302,450.9132841825485,0.39887717366218567,262.70586371421814,443.42625349760056,0.12251198291778564,258.24997413158417,444.75430941581726,0.29166120290756226,256.48343563079834,454.5944473743439,0.2908283472061157
186,265.31538105010986,439.7171926498413,0.30685359239578247,262.77268052101135,449.82788157463074,0.38556838035583496,262.51004815101624,443.37160235643387,0.12357649207115173,226.0923774242401,456.1957230567932,0.29323530197143555,241.8360013961792,674.2509390115738,0.3081199526786804
187,266.2575602531433,440.15988636016846,0.3165649175643921,263.7005398273468,449.23457980155945,0.3517529368400574,262.63862013816833,442.7671627998352,0.11536088585853577,227.56859484314919,454.2656452655792,0.2885777950286865,242.29388523101807,674.8552597761154,0.35432305932044983
188,265.44853925704956,440.33402919769287,0.2922063171863556,264.0444927215576,448.5024313926697,0.32556402683258057,262.8026213645935,442.27963054180145,0.103475421667099,227.69699361920357,469.5302847623825,0.36306965351104736,242.9126901626587,674.217408657074,0.3322809338569641
189,265.2870569229126,441.24746894836426,0.31394481658935547,266.5080900192261,453.46400582790375,0.3090435266494751,262.61673283576965,442.62564194202423,0.1039629578590393,229.77451705932617,469.5153613090515,0.3543541133403778,243.40273189544678,674.1664752960205,0.36259299516677856
190,265.6999249458313,439.29534339904785,0.29155296087265015,264.4959969520569,447.5095238685608,0.3313644528388977,232.56883716583252,461.9844402074814,0.11031904816627502,229.07469964027405,469.7310938835144,0.3255229592323303,244.9977822303772,674.3189159631729,0.3344310522079468
191,264.97663402557373,440.33535957336426,0.31158679723739624,264.6386103630066,447.7330369949341,0.3610026240348816,262.10144805908203,442.7946150302887,0.12276113033294678,239.1818141937256,461.0091471672058,0.3297707140445709,244.5696251988411,649.6108751296997,0.3208426833152771
192,265.21584367752075,440.22640800476074,0.3082461953163147,264.24018239974976,447.69350719451904,0.3469184637069702,233.91459250450134,462.00418996810913,0.1331566870212555,234.7285861968994,471.4451148509979,0.30103403329849243,244.66238707304,667.1408724784851,0.3377237319946289
193,264.88860607147217,440.62842082977295,0.3135899305343628,263.2328579425812,447.7619948387146,0.3292025327682495,233.69931292533875,461.9022670984268,0.13137304782867432,229.72932398319244,472.01081562042236,0.30931323766708374,255.89217972755432,453.60105097293854,0.3237191438674927
194,266.24520349502563,440.18038845062256,0.3123473525047302,263.3034918308258,446.42739057540894,0.33421510457992554,233.56341171264648,461.9832434654236,0.13559290766716003,229.52970588207245,471.6988945007324,0.3157915771007538,246.44947338104248,677.1971210241318,0.3283637762069702
195,266.3541250228882,440.2882966995239,0.33381274342536926,263.7905659675598,447.6139512062073,0.34967678785324097,233.75117206573486,462.20640206336975,0.123771071434021,229.39967560768127,472.8596568107605,0.3193869888782501,245.4998084306717,667.3081340789795,0.3269585072994232
196,266.08661222457886,440.7012252807617,0.32853907346725464,263.3472418785095,447.4736862182617,0.32379311323165894,233.36794638633728,462.3836078643799,0.1085500717163086,229.17662036418915,471.6470592021942,0.3214847445487976,245.84782016277313,666.9311299324036,0.332397997379303
197,266.14099168777466,440.7880153656006,0.31595462560653687,263.13563656806946,447.55702543258667,0.34548044204711914,233.28642082214355,462.49833726882935,0.10747480392456055,238.2899055480957,461.04605877399445,0.3021993041038513,256.2820014953613,453.160960316658,0.34067803621292114
198,265.73221349716187,440.4900207519531,0.3188222050666809,263.5596778392792,447.4597387313843,0.3444296419620514,233.94802260398865,461.82452523708344,0.1170952320098877,238.39586782455444,460.6527250409126,0.28532782196998596,256.5924959182739,452.9118446111679,0.3342400789260864
199,265.29902267456055,440.9134273529053,0.33714306354522705,263.32128071784973,448.4056477546692,0.32954004406929016,234.00640439987183,461.8263919353485,0.14504098892211914,227.1739017367363,471.92948269844055,0.33256617188453674,245.38939487934113,677.1874109506607,0.31400442123413086
200,264.33821535110474,441.72446060180664,0.3422682583332062,262.71102142333984,448.8110349178314,0.35393667221069336,233.595698595047,461.79926776885986,0.1246936023235321,226.5959734916687,473.0335364341736,0.30774956941604614,255.5976710319519,453.19787788391113,0.3271116018295288
201,264.5724587440491,441.1758575439453,0.36293527483940125,262.6339828968048,448.4998676776886,0.37559133768081665,233.66864919662476,461.9692153930664,0.12330049276351929,226.54237735271454,472.57655906677246,0.3092876076698303,244.37509679794312,674.2218669652939,0.3380903899669647
202,263.9077000617981,440.58470249176025,0.34154486656188965,262.986652135849,448.8851046562195,0.36181479692459106,233.69279599189758,462.03192138671875,0.13017931580543518,226.5216510295868,472.33140897750854,0.31341996788978577,243.26962959766388,650.2662630081177,0.3424988389015198
203,263.73901414871216,441.329252243042,0.3253718614578247,261.86116433143616,448.6651530265808,0.3545835018157959,233.74827361106873,461.6197065114975,0.11873960494995117,225.5715925693512,472.91943740844727,0.31255608797073364,242.8689113855362,650.0562224388123,0.3549238443374634
204,263.9557316303253,441.1903467178345,0.31815487146377563,262.0497570037842,449.1398663520813,0.3561422824859619,233.36148190498352,462.1305570602417,0.11210313439369202,225.0218002796173,471.72121143341064,0.31097176671028137,242.2461839914322,649.9404263496399,0.3502819538116455
205,263.1541521549225,440.8884916305542,0.33226436376571655,261.72097086906433,449.69413661956787,0.3659924268722534,253.79496145248413,454.2392227649689,0.12798169255256653,226.05140852928162,471.84007453918457,0.3083534240722656,242.78686904907227,674.6825120449066,0.3416767716407776
206,260.9876170158386,442.16903376579285,0.2993011474609375,261.4239910840988,449.44669818878174,0.3651058077812195,233.78611636161804,462.03305292129517,0.1189626157283783,263.7340452671051,456.3745970726013,0.2739764451980591,242.84109914302826,678.774276971817,0.33029454946517944
207,261.280375123024,441.308580160141,0.3072950839996338,261.3254625797272,449.1123025417328,0.34098175168037415,254.134015083313,454.0680890083313,0.10961100459098816,262.4546217918396,455.4297661781311,0.27129822969436646,243.44959163665771,674.5810971260071,0.34822553396224976
208,262.26006388664246,441.31647396087646,0.33133649826049805,261.0289716720581,449.76873874664307,0.34567999839782715,233.56390738487244,462.0454046726227,0.12080460786819458,225.02757120132446,472.39543771743774,0.32604870200157166,243.25921440124512,673.8715572357178,0.3433448076248169
209,261.3347656726837,441.4831509590149,0.3010210692882538,261.2676304578781,449.07166361808777,0.34496837854385376,233.24884223937988,462.0969967842102,0.11065319180488586,262.77240109443665,456.121910572052,0.28639036417007446,255.7523548603058,454.01306653022766,0.3423515558242798
210,263.4553573131561,441.1047029495239,0.3288213014602661,262.1150209903717,448.83166456222534,0.36047065258026123,254.1260826587677,453.42358207702637,0.11418271064758301,261.3490141630173,455.66543650627136,0.30770060420036316,243.8213034570217,677.8356721401215,0.3404727876186371
211,264.5375280380249,440.8157682418823,0.3473736643791199,262.2857530117035,448.7634217739105,0.37667325139045715,262.16861057281494,443.0347796678543,0.11591792106628418,226.48290538787842,472.3891124725342,0.3060497045516968,244.83294010162354,674.9152833223343,0.35011863708496094
212,263.82609248161316,440.64702701568604,0.3390345573425293,261.8222424983978,448.4190282821655,0.36949050426483154,254.1279890537262,453.82334434986115,0.12031406164169312,226.77279949188232,472.85282707214355,0.30805355310440063,241.8724446296692,650.1345415115356,0.3322926163673401
213,263.8109219074249,440.29524326324463,0.3517155051231384,261.2432487010956,449.0312240123749,0.3829737603664398,253.97799110412598,453.94270718097687,0.11304154992103577,226.46202111244202,472.84055757522583,0.3235289752483368,243.69883346557617,674.2380633354187,0.3437928557395935
214,264.9969902038574,439.19537353515625,0.342938095331192,260.9481800198555,448.9146819114685,0.36498260498046875,251.04780572652817,444.17592088878155,0.11431950330734253,226.30090236663818,471.97634387016296,0.317787230014801,243.57825645804405,677.0356676578522,0.34243863821029663
215,261.89728140830994,441.1832809448242,0.358750581741333,260.50591123104095,448.0937740802765,0.3553737998008728,251.17644238471985,443.81779988110065,0.12400731444358826,226.16734170913696,471.96121764183044,0.3358694314956665,254.80968189239502,453.3223714828491,0.37842437624931335
216,261.5810022354126,441.1845281124115,0.3478606343269348,261.0528622865677,448.8122990131378,0.35799479484558105,254.30311822891235,453.54128193855286,0.11075839400291443,226.37877690792084,471.62234807014465,0.3284617066383362,252.8764082789421,466.0104639530182,0.3398085832595825
217,261.6756172180176,441.2583661079407,0.30588191747665405,261.2639331817627,448.8404641151428,0.339548796415329,250.2607580423355,444.3754149675369,0.09958818554878235,226.9647275209427,471.9041931629181,0.32925736904144287,244.20820140838623,674.6670082807541,0.35975897312164307
218,262.0746772289276,440.66945695877075,0.2948611378669739,261.572717666626,448.1007442474365,0.3543083071708679,261.75854909420013,443.3729164004326,0.10275739431381226,227.12606126070023,470.7498710155487,0.3250056207180023,244.88750654459,678.430547952652,0.3337957561016083
219,262.0061254501343,440.40184926986694,0.27866315841674805,261.0101158618927,448.1908450126648,0.3315489888191223,262.080078125,443.3637773990631,0.0984279215335846,228.56683158874512,471.10244274139404,0.3111746907234192,244.15570503473282,666.8299198150635,0.34232157468795776
220,262.9004235267639,440.1570563316345,0.2656345069408417,262.25078105926514,448.05626130104065,0.3374125063419342,261.5397183895111,443.78777238726616,0.09746262431144714,229.25194466114044,470.31944513320923,0.3156956434249878,244.94653606414795,678.3828411102295,0.32277172803878784
221,262.51338624954224,440.3074026107788,0.27315178513526917,262.26617074012756,447.4834270477295,0.3543243408203125,261.30114233493805,443.31340581178665,0.10903307795524597,229.68002247810364,470.74893450737,0.33235543966293335,255.7702009677887,451.94947089254856,0.3295998275279999
222,266.4069972038269,435.3235341310501,0.27985528111457825,264.7382345199585,438.0056862831116,0.36818569898605347,264.99081802368164,443.99287453573197,0.10771575570106506,232.75629711151123,472.4382514953613,0.2982466220855713,248.40754961967468,674.0134478807449,0.3529280126094818
223,276.7314677834511,440.2456703186035,0.32802170515060425,268.65876764059067,453.32463777065277,0.37787649035453796,265.5811905860901,443.94987861067057,0.13568264245986938,255.24433660507202,444.93634808063507,0.31747937202453613,269.10883617401123,452.22377637028694,0.3773711025714874
224,275.71096363663673,441.33550477027893,0.3243691027164459,263.6445553302765,449.0148003101349,0.35724562406539917,266.77151691913605,443.71616810560226,0.13062584400177002,241.14144682884216,470.73766136169434,0.3208637833595276,258.72151267528534,678.5345239639282,0.3489457368850708
225,276.71204900741577,442.7999346256256,0.3309185206890106,282.59471118450165,455.8163466453552,0.3733502924442291,284.58463978767395,454.79847621917725,0.13439509272575378,276.00226209079847,458.2205448150635,0.2894831895828247,265.50092673301697,674.1149761676788,0.3462006747722626
226,279.11718463897705,457.0032961368561,0.2793891429901123,286.7906701564789,465.7951674461365,0.3201337158679962,280.3741753101349,461.07905292510986,0.11561110615730286,268.362774848938,471.8764681816101,0.28455305099487305,277.2635463476181,666.3949012756348,0.38432326912879944
227,276.17758743464947,445.2757250070572,0.2161736786365509,280.46457386016846,456.71676540374756,0.32986894249916077,281.21319937705994,461.8307193517685,0.10442391037940979,284.55612802505493,461.3022302389145,0.2665638327598572,291.0858169198036,649.2266163825989,0.33642733097076416
228,313.1209683418274,451.8604080080986,0.2022065818309784,314.8575015068054,451.7820896357298,0.2895139753818512,316.00397000601515,459.77803210914135,0.110382080078125,309.9394065141678,459.6413674354553,0.31643396615982056,307.2480413913727,537.5445265769958,0.3044828474521637
229,338.65191090106964,456.58331418037415,0.18548882007598877,344.33831214904785,462.08925461769104,0.2225436270236969,343.975604057312,459.8512494415045,0.10224726796150208,340.0674555078149,459.826536655426,0.29620927572250366,334.4074625968933,634.0509490966797,0.2593314051628113
230,370.82902455329895,456.637983083725,0.16739466786384583,376.55647015571594,462.1510384082794,0.20682141184806824,377.3213782310486,459.38854390382767,0.09929248690605164,362.581271648407,462.52258825302124,0.37154150009155273,366.5655002593994,674.9122139215469,0.16968733072280884
231,401.76261353492737,458.9565187692642,0.1555522084236145,393.7395021915436,460.86162692308426,0.1781899631023407,409.1590132713318,457.76929354667664,0.09808483719825745,390.3285629749298,462.33224964141846,0.3522043228149414,393.1574559211731,684.1796005517244,0.1865295171737671
232,419.53219148516655,457.8313946723938,0.16128933429718018,411.75161619484425,469.80326294898987,0.20261669158935547,424.68809270858765,458.6236574649811,0.09540069103240967,411.77422285079956,463.0558171272278,0.34279850125312805,413.3189477920532,675.0021273493767,0.1533866822719574
233,427.018738090992,458.4147984981537,0.14824819564819336,425.82369661331177,461.11073434352875,0.1922769844532013,427.2804148197174,459.81745806336403,0.09436303377151489,416.6255478858948,463.04615116119385,0.2992774248123169,417.5089738368988,649.3370242118835,0.16595959663391113
234,420.16644048690796,456.54131507873535,0.16375461220741272,411.9419080018997,469.4214131832123,0.2027234435081482,425.46642541885376,459.1580630540848,0.096718430519104,411.86151599884033,462.65518856048584,0.37828129529953003,415.8195540904999,459.4092936515808,0.1566041111946106
235,403.9881703648716,456.1999683380127,0.16167020797729492,396.5742238163948,469.39513993263245,0.20581427216529846,409.4065475463867,459.2976248860359,0.09539037942886353,396.6089925765991,463.07693910598755,0.3799942135810852,397.69508838653564,674.4117662906647,0.16277050971984863
236,384.3619341850281,447.15976548194885,0.16078299283981323,377.6470582485199,460.55476170778275,0.18817198276519775,393.7599940299988,458.0972536802292,0.10423028469085693,373.2511947154999,461.657160282135,0.34815558791160583,377.25595235824585,683.6395997703075,0.1736607551574707
237,361.3443956375122,444.91820722818375,0.15319830179214478,361.85938262939453,461.13931596279144,0.23489877581596375,363.6151068210602,459.57396256923676,0.09619992971420288,357.57876002788544,458.46988248825073,0.3348591923713684,357.91807329654694,648.2801818847656,0.2682274580001831
238,337.9896159172058,454.5008816719055,0.1743205487728119,345.6462433338165,461.7553821802139,0.24296900629997253,347.60269647836685,459.71357080340385,0.10422194004058838,340.5876074433327,459.5016098022461,0.33509087562561035,342.6217668056488,632.3444623947144,0.29352477192878723
239,338.67193925380707,457.39513063430786,0.18371620774269104,344.99608087539673,462.35978174209595,0.21763938665390015,344.6872515678406,459.40481370687485,0.10938090085983276,338.550822019577,459.0489387512207,0.34868377447128296,334.60261583328247,649.0105891227722,0.20441466569900513
240,338.9844012260437,455.8988838195801,0.17882290482521057,344.7967073917389,461.5124934911728,0.2242356538772583,331.55792677402496,459.26802682876587,0.10320240259170532,339.36901968717575,459.13626623153687,0.3001258075237274,335.9122748374939,633.4857034683228,0.3111870586872101
241,351.5266327857971,447.5309820175171,0.17932316660881042,346.0468201637268,460.37537705898285,0.21994081139564514,347.28985047340393,459.75104136765003,0.10698336362838745,341.86159241199493,459.3699793815613,0.33939629793167114,347.33878087997437,647.3301565647125,0.1986704170703888
242,355.1876365542412,455.7965612411499,0.16276231408119202,361.50984358787537,461.1270685195923,0.2570772171020508,363.771704480052,459.46975004673004,0.10679149627685547,357.1494860649109,458.39947414398193,0.3547351360321045,357.14035630226135,647.5902028083801,0.2765905559062958
243,370.89610850811005,456.3813076019287,0.146699458360672,376.3237326145172,461.5640562772751,0.1911044716835022,377.1275863647461,459.89528039097786,0.09040901064872742,363.9644613265991,462.55859899520874,0.31902164220809937,365.58710622787476,648.9981598854065,0.1563747227191925
244,378.1204594373703,453.66470658779144,0.1479138433933258,377.79997968673706,461.33024621009827,0.22839432954788208,379.61013731360435,459.8741324096918,0.09430399537086487,372.95748656988144,457.63633155822754,0.3222426772117615,372.40770921111107,648.447361946106,0.21356752514839172
245,371.94889989867806,455.823450088501,0.157466858625412,377.3763163089752,461.1330016851425,0.23863741755485535,379.437424659729,459.79903042316437,0.09937548637390137,373.12546169757843,458.08627223968506,0.31865841150283813,370.7282794713974,632.5874166488647,0.20267921686172485
246,363.0964064002037,452.7631650567055,0.16000506281852722,376.95001339912415,461.1417154073715,0.2097514271736145,376.6000156402588,459.6385764181614,0.10177487134933472,364.60070610046387,463.2695837020874,0.312039852142334,367.33129501342773,649.3802223205566,0.19724875688552856
247,370.1710247993469,457.1629695892334,0.17789608240127563,376.2794277667999,462.10113406181335,0.19505375623703003,376.98308992385864,458.8117070198059,0.09732910990715027,361.56034660339355,463.40709352493286,0.3428795337677002,366.379358291626,674.6279408931732,0.159773051738739
248,368.12512707710266,447.01323914527893,0.1568147838115692,361.60506439208984,460.76929861307144,0.2041410207748413,377.89593601226807,458.13029766082764,0.09596076607704163,357.61319983005524,463.17455768585205,0.33411484956741333,360.20267724990845,655.3595814704895,0.17666196823120117
249,361.8353569507599,444.80607110261917,0.16013550758361816,362.1272864341736,460.2686766088009,0.22439080476760864,362.9348738193512,460.0055849147029,0.10137301683425903,354.72600185871124,462.8886957168579,0.3390236496925354,360.5312080383301,648.5697846412659,0.2006094753742218
250,367.5921688079834,447.53230118751526,0.15774986147880554,361.77579712867737,460.5810718536377,0.20804816484451294,378.0872449874878,458.13405096530914,0.0926712155342102,356.1673340201378,464.0281949043274,0.3306041359901428,359.8445289134979,639.9738922119141,0.18556684255599976
251,370.1724919080734,457.5728278160095,0.17610609531402588,361.5951461791992,460.5839196443558,0.20780694484710693,377.6906747817993,458.4250431060791,0.1069970428943634,368.5212893486023,459.47596883773804,0.3413051664829254,365.71331787109375,675.1640038490295,0.17320358753204346
252,370.1896551847458,456.73981618881226,0.1626778542995453,376.58171582221985,461.97668874263763,0.20366302132606506,376.6781759262085,459.6453528702259,0.09806513786315918,362.43486070632935,463.0029559135437,0.3544875383377075,367.0304112434387,458.5603497028351,0.15492576360702515
253,371.09095507860184,456.3974184989929,0.1638588309288025,376.49780464172363,461.19881784915924,0.20979830622673035,376.4193935394287,459.74857664108276,0.10161638259887695,363.92870140075684,463.247838973999,0.3362200856208801,364.62863969802856,683.3014784455299,0.18054330348968506
254,370.70691418647766,456.3899221420288,0.16561400890350342,376.5843813419342,461.4271649122238,0.2040744423866272,376.5319333076477,460.03565387800336,0.10037654638290405,363.52011823654175,463.22619247436523,0.34638041257858276,364.6781120300293,683.3101031780243,0.16551163792610168
255,370.44722306728363,456.99650526046753,0.16809993982315063,376.34699511528015,462.0974259376526,0.21307450532913208,376.76790046691895,459.3871092200279,0.10360616445541382,361.84677028656006,463.4588403701782,0.33873915672302246,366.11811542510986,675.390302658081,0.15691691637039185
